ARCH_1915.png,ARCH
M_1915.png,M
ARCH_1916.png,ARCH
M_1916.png,M
ARCH_1917.png,ARCH
M_1917.png,M
ARCH_1934.png,ARCH
M_1934.png,M
ARCH_1935.png,ARCH
M_1935.png,M
ARCH_1936.png,ARCH
M_1936.png,M
ARCH_1940.png,ARCH
M_1940.png,M
ARCH_1941.png,ARCH
M_1941.png,M
ARCH_1942.png,ARCH
M_1942.png,M
ARCH_2088.png,ARCH
M_2088.png,M
ARCH_2089.png,ARCH
M_2089.png,M
ARCH_2090.png,ARCH
M_2090.png,M
ARCH_2144.png,ARCH
M_2144.png,M
ARCH_2145.png,ARCH
M_2145.png,M
ARCH_2146.png,ARCH
M_2146.png,M
ARCH_2147.png,ARCH
M_2147.png,M
ARCH_2148.png,ARCH
M_2148.png,M
ARCH_2149.png,ARCH
M_2149.png,M
ARCH_2150.png,ARCH
M_2150.png,M
ARCH_2151.png,ARCH
M_2151.png,M
ARCH_2152.png,ARCH
M_2152.png,M
ARCH_2156.png,ARCH
M_2156.png,M
ARCH_2157.png,ARCH
M_2157.png,M
ARCH_2158.png,ARCH
M_2158.png,M
ARCH_2207.png,ARCH
M_2207.png,M
ARCH_2208.png,ARCH
M_2208.png,M
ARCH_2209.png,ARCH
M_2209.png,M
ARCH_2210.png,ARCH
M_2210.png,M
ARCH_2211.png,ARCH
M_2211.png,M
ARCH_2212.png,ARCH
M_2212.png,M
ARCH_2251.png,ARCH
M_2251.png,M
ARCH_2252.png,ARCH
M_2252.png,M
ARCH_2253.png,ARCH
M_2253.png,M
ARCH_2276.png,ARCH
M_2276.png,M
ARCH_2277.png,ARCH
M_2277.png,M
ARCH_2278.png,ARCH
M_2278.png,M
