ARCH_1915.png,AD
ARCH_1916.png,AD
ARCH_1917.png,AD
ARCH_1934.png,AD
ARCH_1935.png,AD
ARCH_1936.png,AD
ARCH_1940.png,AD
ARCH_1941.png,AD
ARCH_1942.png,AD
ARCH_2088.png,AD
ARCH_2089.png,AD
ARCH_2090.png,AD
ARCH_2144.png,AD
ARCH_2145.png,AD
ARCH_2146.png,AD
ARCH_2147.png,AD
ARCH_2148.png,AD
ARCH_2149.png,AD
ARCH_2150.png,AD
ARCH_2151.png,AD
ARCH_2152.png,AD
ARCH_2156.png,AD
ARCH_2157.png,AD
ARCH_2158.png,AD
ARCH_2207.png,AD
ARCH_2208.png,AD
ARCH_2209.png,AD
ARCH_2210.png,AD
ARCH_2211.png,AD
ARCH_2212.png,AD
ARCH_2251.png,AD
ARCH_2252.png,AD
ARCH_2253.png,AD
ARCH_2276.png,AD
ARCH_2277.png,AD
ARCH_2278.png,AD
